{"cameraMode":{"drawMode":0,"name":"Shaded","section":"Shading Mode"},"sceneLighting":false,"audioPlay":false,"sceneViewState":{"showFog":true,"showMaterialUpdate":false,"showSkybox":true,"showFlares":true,"showImageEffects":true,"showParticleSystems":true},"in2DMode":false,"pivot":{"x":0.7411823272705078,"y":2.1278042793273927,"z":-4.099999904632568},"rotation":{"x":-0.2074657678604126,"y":0.10891091078519821,"z":-0.02325327880680561,"w":-0.9718825221061707},"size":2.8578836917877199,"orthographic":false}